location,Glasgow,Glasgow,Glasgow,Glasgow,Glasgow,Glasgow,Glasgow,Glasgow
lat,55.87006,55.87006,55.87006,55.87006,55.87006,55.87006,55.87006,55.87006
lon,-4.29523,-4.29523,-4.29523,-4.29523,-4.29523,-4.29523,-4.29523,-4.29523
asl,58.954,58.954,58.954,58.954,58.954,58.954,58.954,58.954
variable,Temperature,Relative Humidity,Mean Sea Level Pressure,Precipitation Total,Wind Speed,Wind Direction,Wind Speed,Wind Direction
unit,°C,%,hPa,mm,km/h,°,km/h,°
level,2 m elevation corrected,2 m,MSL,sfc,10 m,10 m,80 m,80 m
resolution,hourly,hourly,hourly,hourly,hourly,hourly,hourly,hourly
aggregation,None,None,None,None,None,None,None,None
timestamp,Glasgow Temperature (°C) [2 m elevation corrected],Glasgow Relative Humidity (%) [2 m],Glasgow Mean Sea Level Pressure (hPa) [MSL],Glasgow Precipitation Total (mm) ,Glasgow Wind Speed (km/h) [10 m],Glasgow Wind Direction (°) [10 m],Glasgow Wind Speed (km/h) [80 m],Glasgow Wind Direction (°) [80 m]
20200705T0000,13.323198,94.0,994.8,2.0,10.932142,133.02505,19.228851,141.84277
20200705T0100,13.963199,94.0,993.2,3.5,11.029089,217.1467,22.45315,221.0995
20200705T0200,13.953198,91.0,993.0,0.0,22.459906,247.69379,41.180286,247.91956
20200705T0300,13.193198,91.0,992.4,0.0,20.643852,252.73419,37.585102,253.30075
20200705T0400,12.043199,88.0,992.1,0.0,24.399971,259.3035,44.211166,260.15417
20200705T0500,10.773198,89.0,993.6,0.0,23.924143,277.67896,43.986343,280.8501
20200705T0600,10.953198,87.0,995.1,0.0,23.521778,283.0919,42.34708,284.27252
20200705T0700,11.293199,85.0,996.3,0.0,20.486835,282.77124,36.409866,284.31104
20200705T0800,11.563198,86.0,996.5,0.6,18.185581,275.04245,31.093666,275.31454
20200705T0900,11.203198,79.0,998.0,0.3,25.244825,277.275,42.86873,277.72183
20200705T1000,11.353198,78.0,999.0,0.1,23.176798,270.0,38.881668,270.53052
20200705T1100,11.733198,76.0,1000.2,0.1,24.248253,268.74097,39.966484,268.96777
20200705T1200,11.633199,78.0,1000.4,0.1,23.035517,264.0257,38.723015,264.1304
20200705T1300,12.193198,79.0,999.9,0.7,23.785805,254.4072,39.12092,255.06857
20200705T1400,11.933199,77.0,999.9,0.5,23.928593,258.43988,39.961617,259.09497
20200705T1500,11.893199,79.0,1000.1,0.4,21.826925,250.0169,36.10963,249.57767
20200705T1600,12.163198,77.0,999.6,0.7,22.077473,250.25317,38.141315,250.70996
20200705T1700,11.973199,82.0,999.1,0.6,23.603098,253.61046,40.35213,254.47589
20200705T1800,11.463199,87.0,999.2,0.5,15.932858,249.44395,25.40743,249.25392
20200705T1900,11.963199,81.0,1000.3,0.2,20.01549,279.9638,33.39473,281.1888
20200705T2000,11.803199,82.0,1000.7,0.0,20.869513,284.03625,36.247547,285.55457
20200705T2100,11.143199,83.0,1002.0,0.0,22.1689,290.3949,39.107666,291.60553
20200705T2200,10.263199,86.0,1003.5,0.0,21.146523,289.11972,38.385185,290.30447
20200705T2300,9.733198,88.0,1004.3,0.0,19.190048,283.65042,35.11061,285.46124
20200706T0000,10.213199,88.0,1004.2,0.0,17.0496,270.0,30.619051,272.02136
20200706T0100,10.703198,88.0,1004.6,0.0,18.38353,270.83032,33.190357,273.7314
20200706T0200,11.023198,88.0,1005.4,0.0,18.181675,280.98065,33.70377,283.59094
20200706T0300,10.833199,91.0,1006.0,0.0,17.285234,298.53998,31.487139,300.96378
20200706T0400,10.3731985,88.0,1007.7,0.0,17.316,323.13013,31.65135,326.1292
20200706T0500,9.353198,88.0,1009.0,0.0,16.398212,316.97495,30.886656,319.25385
20200706T0600,9.743198,87.0,1010.7,0.0,17.519724,315.61606,31.63087,318.6914
20200706T0700,10.433199,79.0,1012.4,0.0,18.931276,320.7106,32.33193,322.23694
20200706T0800,11.193198,76.0,1013.5,0.0,18.67272,317.8913,30.61482,318.8141
20200706T0900,12.003199,72.0,1015.2,0.0,19.851715,319.8991,32.048088,321.84277
20200706T1000,12.493198,68.0,1016.7,0.0,20.140966,322.52383,31.682043,323.7812
20200706T1100,13.003199,64.0,1018.2,0.0,20.262169,320.86963,31.037344,322.06674
20200706T1200,13.353198,63.0,1018.6,0.0,19.971117,316.08093,30.563978,316.90915
20200706T1300,14.283198,64.0,1018.2,0.0,19.394213,307.1847,28.51282,307.30396
20200706T1400,13.923199,66.0,1018.8,0.0,19.234373,300.82767,29.204409,300.35812
20200706T1500,13.823198,68.0,1019.0,0.0,19.432598,298.67316,30.282827,298.39304
20200706T1600,13.923199,67.0,1019.5,0.0,19.561815,299.35776,30.141266,299.3205
20200706T1700,13.083199,69.0,1019.6,0.0,19.199291,299.0546,29.96662,298.72034
20200706T1800,13.003199,68.0,1020.3,0.0,18.587008,297.29956,29.142216,297.19812
20200706T1900,12.503199,72.0,1021.1,0.0,18.234295,295.06747,29.144442,295.61548
20200706T2000,11.883199,74.0,1021.2,0.0,17.771095,293.87527,28.84047,294.32556
20200706T2100,11.053199,77.0,1021.3,0.0,16.028337,291.44775,27.14123,291.8014
20200706T2200,10.383199,81.0,1021.2,0.0,13.118679,282.9074,24.535524,284.44403
20200706T2300,9.763199,85.0,1021.1,0.0,11.467584,272.66302,22.007162,273.75174
20200707T0000,9.293199,89.0,1020.8,0.0,10.420294,265.6013,20.532627,267.99045
20200707T0100,9.353198,91.0,1020.1,0.0,11.003319,263.04706,20.598795,264.98688
20200707T0200,9.483198,91.0,1019.6,0.0,11.239428,264.5597,21.26744,267.08917
20200707T0300,9.533198,92.0,1019.3,0.0,10.709147,264.28943,19.852295,265.84036
20200707T0400,9.503199,92.0,1018.8,0.0,10.03165,259.28687,18.228943,260.90973
20200707T0500,9.833199,92.0,1017.9,0.0,9.697106,249.0755,17.654688,249.71744
20200707T0600,10.463199,90.0,1017.4,0.0,11.038736,250.25317,19.586117,252.89728
20200707T0700,11.003199,88.0,1017.0,0.1,10.870295,252.89728,17.902534,254.84595
20200707T0800,11.113198,88.0,1016.1,0.4,10.615965,252.47443,16.965895,252.7185
20200707T0900,11.3731985,88.0,1016.1,0.4,9.795408,247.61987,15.315873,246.44774
20200707T1000,12.163198,86.0,1016.3,0.5,10.817939,260.07376,17.106628,261.52887
20200707T1100,12.243198,84.0,1016.3,0.6,12.74829,259.1597,19.839235,258.48618
20200707T1200,12.243198,85.0,1016.2,0.5,12.734365,254.21925,19.483284,253.90918
20200707T1300,12.903198,80.0,1016.3,0.3,9.384694,263.4802,12.7279215,261.8699
20200707T1400,13.143199,78.0,1015.8,0.3,9.061517,268.3153,12.605142,268.36343
20200707T1500,13.503199,75.0,1015.1,0.1,8.541434,273.57632,11.159999,270.0
20200707T1600,14.613198,71.0,1015.2,0.0,7.237064,276.3402,9.0645685,276.84277
20200707T1700,14.823198,69.0,1014.7,0.0,6.487264,289.17902,8.089993,290.85446
20200707T1800,14.903198,68.0,1014.4,0.0,6.874978,305.5377,8.4963045,306.38437
20200707T1900,14.903198,67.0,1014.5,0.0,7.36826,319.3987,9.726664,321.00903
20200707T2000,14.393199,70.0,1014.1,0.0,7.3150935,326.88867,9.693296,328.67133
20200707T2100,13.733198,74.0,1013.9,0.0,6.579594,328.24054,9.511088,330.5241
20200707T2200,13.053199,79.0,1014.2,0.0,5.328,306.8699,8.4963045,306.38437
20200707T2300,12.433199,83.0,1015.0,0.0,5.0052013,295.2011,9.565437,289.7989
20200708T0000,11.523198,87.0,1014.9,0.0,3.7862556,309.28943,8.669949,311.63354
20200708T0100,11.223199,90.0,1014.9,0.0,3.1067312,329.03625,7.9526596,5.194412
20200708T0200,11.093199,92.0,1015.4,0.0,2.4123545,6.340164,10.685391,57.380745
20200708T0300,11.163198,89.0,1015.0,0.0,4.6600966,59.036232,14.241629,73.85565
20200708T0400,11.153198,88.0,1015.0,0.0,5.842608,65.772255,14.241629,73.85565
20200708T0500,10.943198,92.0,1015.3,0.0,5.600739,64.65382,10.137692,73.495636
20200708T0600,11.033198,93.0,1015.3,0.0,4.976763,74.47588,7.6367526,81.869896
20200708T0700,11.613198,91.0,1015.5,0.0,4.861344,80.537674,6.924738,81.02737
20200708T0800,12.173199,87.0,1015.5,0.0,5.600739,87.27369,7.928178,87.39744
20200708T0900,12.583199,80.0,1016.3,0.0,4.5288,89.99999,6.12,89.99999
20200708T1000,13.103198,75.0,1016.7,0.0,5.068606,86.98721,6.4799995,89.99999
20200708T1100,13.503199,72.0,1016.9,0.0,5.068606,93.01279,6.130579,93.366455
20200708T1200,14.483198,68.0,1017.0,0.0,5.8608,89.99999,7.5599995,89.99999
20200708T1300,15.433199,65.0,1016.3,0.0,6.9263997,89.99999,9.36,89.99999
20200708T1400,15.263199,65.0,1016.5,0.0,5.068606,93.01279,6.519877,96.34019
20200708T1500,15.403198,63.0,1016.5,0.0,3.8788424,105.9454,5.0142193,111.03751
20200708T1600,15.683199,62.0,1015.5,0.0,3.2189233,114.44395,3.7064266,119.054596
20200708T1700,16.023197,60.0,1015.3,0.0,2.1967907,165.96376,2.5455842,171.8699
20200708T1800,15.803199,60.0,1015.5,0.0,1.5533656,210.96376,1.8,216.8699
20200708T1900,16.243198,59.0,1015.9,0.0,1.7057923,218.65982,2.3051248,218.65982
20200708T2000,15.923199,60.0,1015.0,0.0,1.506986,225.0,2.0364676,225.0
20200708T2100,15.403198,62.0,1015.1,0.0,1.6204481,260.5377,2.1897945,260.5377
20200708T2200,15.023198,65.0,1015.2,0.0,0.753493,44.999985,1.1384199,71.56504
20200708T2300,14.553199,66.0,1014.9,0.0,4.912173,77.47118,10.594036,80.21759
20200709T0000,12.483198,81.0,1014.4,0.0,8.855546,68.83874,20.696085,76.93067
20200709T0100,10.853198,89.0,1014.0,0.0,7.5818768,71.56504,21.626984,87.137596
20200709T0200,10.513199,89.0,1014.3,0.0,6.5308766,78.231705,14.8257065,119.054596
20200709T0300,10.393199,90.0,1013.9,0.0,6.487264,70.820984,10.233123,129.2894
20200709T0400,10.173199,90.0,1013.5,0.0,6.5795946,68.62937,12.313893,105.25512
20200709T0500,10.143199,89.0,1013.1,0.0,7.276183,66.250496,17.294992,92.38594
20200709T0600,10.523198,87.0,1012.8,0.0,8.466324,77.27564,18.0,89.99999
20200709T0700,11.6231985,85.0,1012.8,0.0,8.80733,86.53177,12.964998,88.40886
20200709T0800,12.463199,81.0,1011.9,0.0,9.87119,86.90593,15.137133,87.27369
20200709T0900,12.433199,83.0,1011.8,0.0,10.137212,86.98721,16.215992,87.45519
20200709T1000,12.893199,81.0,1012.2,0.0,10.154698,85.48601,15.856356,87.39744
20200709T1100,14.803199,72.0,1012.3,0.0,11.892902,74.40718,17.462782,75.677284
20200709T1200,15.173199,67.0,1011.6,0.0,10.817939,80.07375,15.986595,82.23483
20200709T1300,16.003199,62.0,1014.6,0.0,7.0078893,351.25385,9.422101,353.41806
20200709T1400,15.633199,64.0,1014.3,0.0,7.5818768,341.56506,10.137692,343.49564
20200709T1500,15.533198,66.0,1014.4,0.1,7.5066204,332.52557,9.983106,334.359
20200709T1600,15.443198,66.0,1014.3,0.1,7.53493,315.0,9.931042,316.4688
20200709T1700,15.713199,64.0,1013.6,0.0,7.619226,306.46924,10.296251,306.46924
20200709T1800,15.6231985,63.0,1014.1,0.0,7.684151,303.69006,11.681987,303.69006
20200709T1900,16.063198,59.0,1014.2,0.0,9.166637,305.5377,14.113652,307.74683
20200709T2000,15.773198,58.0,1014.3,0.0,11.327483,311.1859,18.089775,312.5805
20200709T2100,14.753199,62.0,1014.3,0.0,13.207638,311.72952,23.686249,313.1524
20200709T2200,13.463199,67.0,1014.7,0.0,14.535288,311.28473,27.238943,314.46454
20200709T2300,12.413198,71.0,1014.9,0.0,14.9112625,311.37854,27.748037,314.47437
20200710T0000,11.613198,76.0,1015.2,0.0,14.321323,313.49255,26.478971,316.1017
20200710T0100,10.993198,80.0,1015.6,0.0,13.583788,311.8202,24.693481,314.40936
20200710T0200,10.543199,84.0,1015.9,0.0,13.010033,312.51044,23.675303,314.38397
20200710T0300,10.153198,86.0,1015.8,0.0,12.622413,315.8551,23.469128,318.7314
20200710T0400,9.703198,89.0,1016.0,0.0,11.67914,315.0,23.1774,316.88818
20200710T0500,9.113198,91.0,1015.8,0.0,10.738927,313.99493,22.401142,315.0
20200710T0600,9.473199,89.0,1016.1,0.0,9.9997635,311.7603,18.584509,314.2152
20200710T0700,10.723199,83.0,1016.8,0.0,10.925649,315.0,16.80857,316.73572
20200710T0800,12.083199,75.0,1016.7,0.0,11.733703,320.52753,17.148247,320.96448
20200710T0900,12.233198,74.0,1017.2,0.0,11.128379,317.91083,16.831684,318.46823
20200710T1000,12.453198,72.0,1017.9,0.0,11.15386,310.156,16.323528,311.42368
20200710T1100,12.563198,73.0,1018.3,0.0,12.933438,302.38068,19.469976,303.69006
20200710T1200,12.963199,70.0,1018.4,0.0,13.8937235,302.4712,20.3774,302.00537
20200710T1300,14.193198,65.0,1018.4,0.0,18.350687,297.68106,28.337282,297.2161
20200710T1400,13.643199,69.0,1018.3,0.0,18.123034,294.30457,28.185953,294.9285
20200710T1500,13.573198,70.0,1018.8,0.0,17.513649,296.1753,27.36947,296.56506
20200710T1600,13.643199,69.0,1019.1,0.0,17.681013,300.8157,27.783045,301.2184
20200710T1700,13.563198,68.0,1018.7,0.0,17.068321,304.18613,26.574244,305.62793
20200710T1800,13.953198,67.0,1019.5,0.0,17.157482,306.1582,25.992401,306.5525
20200710T1900,13.303199,71.0,1020.3,0.0,16.32882,303.69006,25.1614,303.91742
20200710T2000,12.6231985,75.0,1020.7,0.0,15.533656,300.96378,24.57511,301.82745
20200710T2100,12.063198,77.0,1020.9,0.0,14.630187,303.11136,23.86341,303.9298
20200710T2200,11.483198,79.0,1021.3,0.0,13.749956,305.5377,22.682856,305.9605
20200710T2300,11.003199,82.0,1022.1,0.0,13.020938,300.76273,20.991426,300.96378
20200711T0000,10.483198,85.0,1022.4,0.0,12.633653,294.9439,20.929594,296.56506
20200711T0100,10.023198,87.0,1022.9,0.0,11.8240795,292.52057,20.140705,294.27444
20200711T0200,9.673199,89.0,1023.7,0.0,9.8568,288.92465,19.130875,289.7989
20200711T0300,9.813198,90.0,1023.0,0.0,9.44124,286.38956,19.353138,288.43497
20200711T0400,9.523198,93.0,1022.8,0.0,10.9516,288.43494,20.730501,290.32315
20200711T0500,9.833199,90.0,1023.4,0.0,11.8240795,292.52057,21.273533,293.9625
20200711T0600,9.933199,88.0,1023.3,0.0,12.384018,288.8247,21.194187,290.89777
20200711T0700,10.593199,84.0,1023.7,0.0,13.607278,293.0513,21.603,293.5747
20200711T0800,11.103198,80.0,1023.6,0.0,13.505193,292.0113,20.523157,291.61478
20200711T0900,11.903198,75.0,1024.3,0.0,13.73188,288.08344,20.49156,288.43494
20200711T1000,12.513199,73.0,1024.7,0.0,13.816892,289.13367,20.150354,288.75867
20200711T1100,13.013199,71.0,1025.3,0.0,14.9112625,288.75867,21.746502,289.3348
20200711T1200,13.363198,69.0,1025.6,0.0,15.841282,289.6538,23.006226,290.1363
20200711T1300,15.193198,66.0,1025.8,0.0,18.091677,283.627,26.6327,283.28485
20200711T1400,15.453198,65.0,1025.7,0.0,18.296463,286.06,26.901417,285.5241
20200711T1500,15.563198,65.0,1025.6,0.0,18.36808,289.48615,27.09822,289.39783
20200711T1600,15.483198,65.0,1025.8,0.0,17.367155,290.6589,26.081993,290.1858
20200711T1700,15.323198,66.0,1025.5,0.0,16.848616,288.43497,25.38702,288.178
20200711T1800,15.083199,67.0,1025.8,0.0,16.344027,289.0256,24.703976,288.69897
20200711T1900,14.653198,68.0,1026.9,0.0,15.59066,286.8868,23.795427,287.61258
20200711T2000,13.943198,71.0,1026.6,0.0,14.748554,286.79837,23.34455,287.03778
20200711T2100,13.103198,75.0,1026.5,0.0,12.990926,285.46124,21.758419,286.33606
20200711T2200,12.233198,79.0,1026.8,0.0,9.770018,281.00354,19.13426,281.94418
20200711T2300,11.423199,84.0,1026.9,0.0,8.262695,271.84763,17.339897,274.76364
20200712T0000,10.503199,87.0,1026.8,0.0,7.463956,267.9546,16.575644,272.48956
20200712T0100,9.673199,90.0,1027.2,0.0,6.6812778,265.4261,15.84409,271.30197
20200712T0200,8.973199,93.0,1027.8,0.0,5.334656,267.1376,14.404499,271.4321
20200712T0300,8.423199,95.0,1027.0,0.0,4.861344,260.5377,12.959999,270.0
20200712T0400,8.3731985,96.0,1026.8,0.0,4.4656777,252.64598,12.7279215,261.8699
20200712T0500,8.713199,95.0,1026.9,0.0,4.5288,241.92752,10.028439,248.9625
20200712T0600,9.223199,95.0,1026.4,0.0,4.4337797,237.26477,8.534353,242.35403
20200712T0700,10.133199,92.0,1026.5,0.0,4.6600966,239.03624,7.729527,242.24146
20200712T0800,11.803199,85.0,1026.3,0.0,6.3154216,242.35403,8.854829,243.43495
20200712T0900,13.853198,74.0,1026.1,0.0,8.339639,243.43495,11.753877,242.65013
20200712T1000,15.343199,68.0,1026.0,0.0,10.494943,246.0375,14.658676,245.32315
20200712T1100,16.623198,62.0,1026.4,0.0,12.875693,245.55606,18.532133,245.9245
20200712T1200,17.543198,57.0,1026.0,0.0,13.824594,244.91641,19.813087,245.29758
20200712T1300,18.043198,55.0,1025.0,0.0,13.939619,243.92465,19.966211,244.359
20200712T1400,18.573198,53.0,1024.6,0.0,14.209388,239.58893,20.497883,239.3814
20200712T1500,19.003197,56.0,1024.2,0.0,14.2791395,233.3439,20.808498,232.7336
20200712T1600,19.403198,58.0,1023.7,0.0,14.977747,231.49934,22.039528,231.63252
20200712T1700,19.283197,50.0,1023.2,0.0,17.519724,225.61606,26.729847,225.54565
20200712T1800,18.803198,50.0,1023.0,0.0,16.957777,223.72697,26.493652,222.7974
20200712T1900,18.063198,54.0,1023.1,0.0,16.47593,219.09386,26.368616,218.90414
20200712T2000,17.183197,58.0,1022.2,0.0,15.35213,218.65982,26.089443,219.40067
20200712T2100,16.373198,63.0,1022.1,0.0,14.439765,217.50414,25.133053,218.01895
20200712T2200,15.663198,68.0,1022.0,0.0,12.315059,218.85338,22.771244,219.22568
20200712T2300,14.663198,74.0,1021.8,0.0,12.566063,212.00539,22.86496,213.43987
20200713T0000,13.833199,82.0,1021.0,0.0,12.2919855,209.8989,22.66857,212.68056
20200713T0100,13.763199,87.0,1020.5,0.0,11.458298,215.53767,21.028437,218.04704
20200713T0200,13.903198,88.0,1020.4,0.0,11.529304,220.3141,22.159746,223.02507
20200713T0300,14.083199,89.0,1019.3,0.0,12.432633,225.0,23.441502,227.48956
20200713T0400,13.863198,92.0,1018.6,0.0,14.020842,231.17018,26.42753,232.19348
20200713T0500,13.903198,91.0,1017.9,0.0,13.855361,232.0284,26.282465,233.91493
20200713T0600,13.993198,91.0,1017.8,0.2,14.346079,238.67131,26.486313,238.9027
20200713T0700,14.553199,88.0,1017.9,0.0,14.447134,247.2176,25.0064,247.12634
20200713T0800,14.773198,87.0,1017.2,0.0,14.020842,255.69974,22.963936,256.39948
20200713T0900,15.283198,82.0,1017.8,0.0,15.460384,268.0251,24.850431,268.33972
20200713T1000,15.313198,80.0,1017.9,0.0,16.259132,271.87787,25.60053,273.22452
20200713T1100,15.323198,75.0,1018.4,0.0,15.986219,270.95483,24.842607,270.83032
20200713T1200,16.253197,71.0,1018.5,0.0,17.590471,271.73572,26.302181,272.3533
20200713T1300,16.863197,73.0,1016.8,0.0,17.5824,270.0,27.72,270.0
20200713T1400,16.433197,75.0,1016.4,0.0,18.944393,273.22452,29.574827,273.48932
20200713T1500,15.933199,74.0,1016.5,0.0,17.182283,277.125,26.478973,277.0284
20200713T1600,15.503199,75.0,1016.6,0.0,16.68991,278.25946,26.6327,279.335
20200713T1700,15.023198,77.0,1016.6,0.0,18.458654,290.2657,30.421598,290.79413
20200713T1800,14.903198,74.0,1017.0,0.0,19.425291,295.1593,31.079075,295.37775
20200713T1900,14.1231985,74.0,1017.3,0.0,18.588919,295.46335,29.62518,295.94232
20200713T2000,13.263199,76.0,1017.2,0.0,17.420197,293.42868,28.694056,293.67053
20200713T2100,12.6231985,78.0,1017.3,0.0,16.869665,291.29736,28.412645,292.34064
20200713T2200,12.023198,82.0,1017.4,0.0,15.932858,290.55603,26.807312,292.08716
20200713T2300,11.493198,85.0,1017.7,0.0,14.9112625,288.75867,26.081993,290.1858
20200714T0000,11.433199,86.0,1017.9,0.0,14.417629,286.09082,25.729298,287.92792
20200714T0100,11.3731985,84.0,1017.7,0.0,15.081629,287.4748,26.867676,287.9494
20200714T0200,10.903198,89.0,1016.9,0.0,9.073257,266.63354,20.519999,270.0
20200714T0300,10.713199,90.0,1016.5,0.0,10.685928,274.28915,24.087738,279.46234
20200714T0400,10.683199,91.0,1016.0,0.0,12.280433,282.5288,25.862436,286.1645
20200714T0500,10.383199,94.0,1015.6,0.0,11.308671,285.01837,24.482647,289.76718
20200714T0600,10.853198,92.0,1015.7,0.0,11.566177,284.6764,21.9718,288.1381
20200714T0700,12.003199,86.0,1015.3,0.0,12.8093815,286.92752,21.746502,289.3348
20200714T0800,12.663198,82.0,1015.7,0.0,13.906487,286.69925,23.000591,287.30054
20200714T0900,13.213199,79.0,1015.9,0.0,15.335942,287.1759,24.933735,287.65012
20200714T1000,13.513199,78.0,1015.4,0.0,16.4328,286.96616,26.072052,287.6844
20200714T1100,13.783198,76.0,1015.9,0.0,16.800106,284.69733,26.459389,284.98163
20200714T1200,14.993198,72.0,1015.5,0.0,16.413353,283.13403,25.233406,284.03625
20200714T1300,15.503199,70.0,1015.2,0.0,16.413353,283.13403,25.068514,282.43958
20200714T1400,14.833199,72.0,1014.7,0.1,14.015779,261.25385,21.841648,261.46924
20200714T1500,14.703198,74.0,1014.4,0.1,13.449903,262.0304,20.721119,262.01068
20200714T1600,15.343199,72.0,1014.5,0.0,14.420093,258.2749,20.969805,258.11133
20200714T1700,15.223199,75.0,1014.2,0.0,14.67378,254.1975,21.41319,253.39302
20200714T1800,14.153198,79.0,1013.8,0.0,13.906488,249.82935,21.068459,250.0169
20200714T1900,14.203198,80.0,1013.8,0.0,13.407623,249.04422,20.393293,249.32558
20200714T2000,13.883199,83.0,1013.2,0.0,11.308671,254.98164,17.462782,255.67728
20200714T2100,13.713199,83.0,1012.9,0.0,8.628235,261.11935,13.084402,262.09283
20200714T2200,13.033198,88.0,1013.1,0.0,6.270311,257.73523,11.440978,257.27563
20200714T2300,12.633199,90.0,1013.8,0.0,6.3322554,255.37914,11.177405,255.06857
20200715T0000,11.983198,92.0,1013.8,0.0,6.3322554,247.75098,8.891344,248.62938
20200715T0100,11.8731985,93.0,1013.3,0.0,4.4337797,237.26477,6.489992,236.30994
20200715T0200,11.893199,93.0,1012.5,0.0,4.295571,240.25513,11.753877,242.65013
20200715T0300,11.883199,94.0,1011.9,0.0,5.3876066,261.46924,12.074766,259.69516
20200715T0400,11.673199,94.0,1012.0,0.2,5.3876066,261.46924,12.015589,261.38434
20200715T0500,11.433199,95.0,1011.5,0.2,4.72062,253.61046,10.739833,256.42957
20200715T0600,11.703198,95.0,1011.7,0.2,5.2339296,255.25644,11.090103,256.86597
20200715T0700,12.153198,93.0,1011.1,0.0,7.078424,250.20113,11.384199,251.56506
20200715T0800,12.923199,90.0,1011.0,0.0,8.891537,261.38434,13.397612,263.82983
20200715T0900,13.913198,84.0,1011.8,0.0,11.748814,273.9005,18.448023,275.59933
20200715T1000,13.813198,85.0,1012.2,0.0,12.358204,277.4314,20.418695,279.1302
20200715T1100,13.923199,85.0,1012.3,0.2,12.395474,278.65253,20.833395,279.95062
20200715T1200,14.303199,83.0,1012.3,0.0,13.322664,281.5346,21.67487,281.49658
20200715T1300,15.853198,76.0,1012.4,0.0,15.574719,282.84772,24.098497,283.82864
20200715T1400,15.863198,75.0,1012.3,0.0,15.597487,277.85333,23.319553,278.88065
20200715T1500,15.783198,74.0,1012.9,0.0,18.091677,283.627,28.202042,284.03625
20200715T1600,16.503197,71.0,1013.2,0.0,19.5473,287.4472,30.625402,287.796
20200715T1700,16.133198,73.0,1013.6,0.0,19.801605,289.6538,31.559086,290.70905
20200715T1800,16.153198,73.0,1013.5,0.0,18.750473,292.55725,30.018473,292.56702
20200715T1900,15.603198,75.0,1013.8,0.0,18.056341,291.64444,29.548521,292.1903
20200715T2000,15.1231985,78.0,1014.4,0.0,17.562206,292.28558,29.215502,292.45694
20200715T2100,14.383199,81.0,1014.7,0.0,16.127655,292.32867,27.416782,293.1986
20200715T2200,13.463199,85.0,1015.6,0.0,14.5937605,291.41296,25.671307,292.24902
20200715T2300,12.923199,87.0,1016.1,0.0,13.314671,289.88516,23.933907,291.16125
20200716T0000,12.663198,88.0,1016.3,0.0,12.599903,283.4486,22.89611,286.44037
20200716T0100,12.473199,88.0,1016.4,0.0,12.540622,282.26477,23.051247,284.47028
20200716T0200,12.253199,89.0,1016.3,0.0,10.444103,264.14398,22.42427,264.47247
20200716T0300,11.953198,91.0,1016.2,0.0,9.594099,268.40887,22.68,270.0
20200716T0400,11.863198,93.0,1016.3,0.0,8.150272,258.69006,20.364674,261.8699
20200716T0500,12.433199,94.0,1016.2,0.0,9.092791,264.95755,19.09358,267.83893
20200716T0600,12.6231985,93.0,1016.1,0.0,8.827452,264.80557,18.359999,270.0
20200716T0700,14.173199,87.0,1016.2,0.0,10.17913,263.991,15.905319,264.80557
20200716T0800,15.353198,83.0,1016.6,0.0,12.566062,265.1355,18.775301,265.6013
20200716T0900,16.303198,79.0,1017.0,0.0,14.12925,267.83893,21.611998,268.09085
20200716T1000,17.103197,77.0,1017.3,0.0,14.920779,268.977,22.682856,269.09064
20200716T1100,17.873198,76.0,1017.2,0.0,15.453498,269.01224,23.039999,270.0
20200716T1200,18.743198,74.0,1017.3,0.0,15.984,270.0,23.759998,270.0
20200716T1300,18.923197,74.0,1017.5,0.0,15.992876,268.09085,24.490587,268.3153
20200716T1400,18.703197,75.0,1017.2,0.0,14.930289,254.47589,22.702845,255.30269
20200716T1500,18.833197,74.0,1017.2,0.0,17.4812,262.11688,26.525429,262.19983
20200716T1600,19.263197,72.0,1017.9,0.0,17.945948,264.03552,27.153164,263.91147
20200716T1700,18.983198,74.0,1018.0,0.0,17.05168,270.89517,26.642431,270.77423
20200716T1800,18.213198,76.0,1017.5,0.0,17.037107,279.90417,26.27753,279.46234
20200716T1900,17.453197,75.0,1017.6,0.0,16.993313,279.01932,26.525429,277.8002
20200716T2000,16.643198,76.0,1017.6,0.0,15.773939,274.844,26.042212,275.55298
20200716T2100,15.733198,80.0,1017.4,0.0,14.425013,274.2364,24.546085,274.20535
20200716T2200,15.093199,84.0,1017.6,0.0,11.91377,259.69516,20.833395,260.04938
20200716T2300,14.743198,87.0,1017.6,0.0,10.010403,244.79889,18.057508,246.50143
20200717T0000,14.713199,89.0,1017.2,0.0,10.248612,242.10274,19.161337,244.39783
20200717T0100,14.463199,91.0,1017.1,0.0,12.038215,245.1363,23.210928,246.21799
20200717T0200,14.583199,91.0,1016.0,0.0,13.250555,239.82648,25.630886,240.55457
20200717T0300,14.743198,91.0,1015.6,0.0,14.777397,236.02347,28.056913,236.51382
20200717T0400,14.743198,91.0,1015.0,0.0,15.672383,238.20108,29.574827,238.4382
20200717T0500,14.603198,91.0,1014.5,0.0,16.10784,235.7843,30.154163,236.68938
20200717T0600,14.453198,91.0,1014.7,0.0,16.406866,237.60016,30.376833,238.57043
20200717T0700,14.463199,91.0,1014.4,0.7,15.733395,241.69925,28.337282,242.78389
20200717T0800,14.803199,90.0,1014.5,0.3,13.56549,250.49756,23.565567,251.28827
20200717T0900,15.553199,87.0,1014.7,0.0,11.724627,268.69806,17.643673,268.83087
20200717T1000,15.473199,85.0,1015.0,0.0,11.380612,290.55603,15.978484,292.52057
20200717T1100,15.513199,81.0,1015.3,0.2,11.724627,291.31793,17.193533,289.57312
20200717T1200,15.243198,79.0,1015.6,0.0,11.308671,285.01837,16.327497,284.03625
20200717T1300,15.413198,75.0,1015.6,0.0,11.733703,272.60257,16.563911,271.24536
20200717T1400,15.083199,73.0,1015.5,0.0,8.014169,254.57785,11.874544,255.96376
20200717T1500,15.043199,74.0,1015.5,0.0,8.343893,253.30075,12.0694,252.64598
20200717T1600,15.113198,74.0,1015.5,0.0,9.531016,243.43495,14.007655,244.09349
20200717T1700,15.753199,74.0,1014.9,0.0,10.196545,236.72511,13.891522,238.7816
20200717T1800,16.343197,73.0,1014.7,0.0,10.279727,238.7816,14.021525,240.80252
20200717T1900,16.163198,75.0,1014.5,0.0,10.290077,248.7495,14.578888,249.77515
20200717T2000,16.083199,75.0,1014.0,0.0,9.369556,255.17352,13.450708,254.47589
20200717T2100,15.313198,78.0,1013.6,0.0,8.935328,259.69516,13.979871,258.11133
20200717T2200,14.523198,82.0,1014.2,0.0,7.463956,267.9546,13.397612,263.82983
20200717T2300,14.103198,84.0,1014.6,0.0,7.501892,286.50436,12.313893,285.25513
20200718T0000,13.493198,85.0,1014.6,0.0,8.710098,293.42868,14.658676,294.67688
20200718T0100,12.803199,84.0,1014.5,0.0,8.710098,293.42868,15.509274,291.8014
20200718T0200,12.323198,85.0,1014.1,0.0,7.5818768,251.56506,14.003029,252.03087
20200718T0300,11.843199,87.0,1013.7,0.0,7.6285353,257.90524,15.463244,257.90524
20200718T0400,11.163198,90.0,1013.6,0.0,7.0533133,259.11447,15.328561,260.5377
20200718T0500,10.223199,93.0,1013.4,0.0,6.791894,258.69006,16.263872,264.9204
20200718T0600,10.183199,91.0,1013.7,0.0,6.1963058,244.53665,15.844089,248.6821
20200718T0700,11.403198,85.0,1013.2,0.0,8.819409,244.98311,14.84318,247.16635
20200718T0800,12.743198,77.0,1013.4,0.0,11.389962,259.2157,17.935081,259.5923
20200718T0900,13.733198,71.0,1014.1,0.0,13.3625555,265.4261,19.881649,264.80557
20200718T1000,13.6231985,70.0,1014.7,0.0,15.187136,268.9949,23.051247,268.21008
20200718T1100,13.723199,70.0,1014.7,0.0,15.7176,270.0,24.119999,270.0
20200718T1200,14.153198,68.0,1014.5,0.0,15.753682,273.87854,23.444265,273.52145
20200718T1300,14.403198,67.0,1014.4,0.0,16.791655,271.8183,25.210283,271.6366
20200718T1400,15.433199,63.0,1014.2,0.0,19.271236,275.55298,28.943642,275.7106
20200718T1500,15.8731985,59.0,1014.3,0.0,20.277922,279.83356,31.072817,280.008
20200718T1600,15.823198,58.0,1014.8,0.0,19.837412,284.7827,30.563978,285.01837
20200718T1700,15.823198,58.0,1015.1,0.0,19.628819,288.18906,29.830078,287.56027
20200718T1800,15.333199,58.0,1015.6,0.0,18.619434,289.21268,28.916763,288.88608
20200718T1900,14.613198,61.0,1015.8,0.0,18.117159,287.10272,28.348713,287.7447
20200718T2000,13.833199,65.0,1015.8,0.0,17.274965,287.03778,27.553526,287.48798
20200718T2100,12.723199,70.0,1016.2,0.0,15.003784,286.50436,25.171696,286.62076
20200718T2200,11.973199,74.0,1017.3,0.0,13.505193,284.8586,24.72495,286.06
20200718T2300,11.413198,78.0,1017.7,0.0,12.859146,283.17255,24.18707,284.65674
20200719T0000,10.853198,82.0,1017.6,0.0,11.91377,280.30487,23.313995,283.39252
20200719T0100,10.533198,85.0,1017.6,0.0,11.003319,276.95297,21.897945,279.46234
20200719T0200,9.563198,89.0,1017.5,0.0,7.730192,271.9749,15.876775,273.9005
20200719T0300,8.883199,90.0,1017.3,0.0,8.528962,271.78992,20.06334,279.2933
20200719T0400,8.483198,91.0,1017.3,0.0,8.5248,270.0,21.188072,279.7824
20200719T0500,8.113198,93.0,1017.3,0.0,7.7256002,270.0,20.345573,283.29858
20200719T0600,8.903198,88.0,1017.4,0.0,8.528962,271.78992,22.206486,286.96616
20200719T0700,10.983198,76.0,1017.2,0.0,12.859146,283.17255,24.1388,287.35403
20200719T0800,11.963199,70.0,1017.4,0.0,15.959562,284.50018,26.807312,284.7827
20200719T0900,12.723199,68.0,1018.1,0.0,17.057922,284.47028,27.595825,285.12402
20200719T1000,13.343199,67.0,1018.1,0.0,18.197283,287.90445,28.348713,287.7447
20200719T1100,13.513199,67.0,1018.5,0.0,18.619434,289.21268,28.696312,289.7989
20200719T1200,13.583199,68.0,1018.7,0.0,19.123363,288.68735,29.714724,289.0935
20200719T1300,14.073198,65.0,1019.1,0.0,19.210377,289.44003,29.035288,289.55826
20200719T1400,14.663198,63.0,1018.6,0.0,21.670294,290.8858,33.497414,290.77228
20200719T1500,14.503199,63.0,1018.9,0.0,21.76669,291.541,34.56187,292.02307
20200719T1600,14.933199,61.0,1019.0,0.0,21.272003,292.0679,33.56312,292.71442
20200719T1700,15.323198,59.0,1019.3,0.0,21.099485,294.62357,33.014175,295.16788
20200719T1800,14.813198,61.0,1019.2,0.0,20.020805,295.2011,31.235058,295.97443
20200719T1900,14.273198,64.0,1019.6,0.0,19.540035,295.86633,30.589407,296.56506
20200719T2000,13.383199,67.0,1020.0,0.0,18.123034,294.30457,29.644857,294.38638
20200719T2100,12.443198,72.0,1020.7,0.0,16.374392,291.97452,27.748037,292.90576
20200719T2200,11.513199,78.0,1021.1,0.0,14.659262,289.0935,26.081993,290.1858
20200719T2300,10.993198,82.0,1022.0,0.0,13.064468,286.58734,24.821732,289.48615